<?xml version="1.0" encoding="UTF-8"?>
<project-private xmlns="http://www.netbeans.org/ns/project-private/1">
    <editor-bookmarks xmlns="http://www.netbeans.org/ns/editor-bookmarks/2" lastBookmarkId="0"/>
    <open-files xmlns="http://www.netbeans.org/ns/projectui-open-files/2">
        <group>
            <file>file:/C:/Users/heych/Desktop/WGU%20JAVA2/WGUC195/WGUC195/src/controller/LoginController.java</file>
            <file>file:/C:/Users/heych/Desktop/WGU%20JAVA2/WGUC195/WGUC195/src/model/Appointment.java</file>
            <file>file:/C:/Users/heych/Desktop/WGU%20JAVA2/WGUC195/WGUC195/src/controller/ModifyAppointmentController.java</file>
            <file>file:/C:/Users/heych/Desktop/WGU%20JAVA2/WGUC195/WGUC195/src/controller/ModifyCustomerController.java</file>
            <file>file:/C:/Users/heych/Desktop/WGU%20JAVA2/WGUC195/WGUC195/src/controller/NewAppointmentController.java</file>
            <file>file:/C:/Users/heych/Desktop/WGU%20JAVA2/WGUC195/WGUC195/src/controller/toLDT.java</file>
            <file>file:/C:/Users/heych/Desktop/WGU%20JAVA2/WGUC195/WGUC195/src/controller/MainMenuController.java</file>
            <file>file:/C:/Users/heych/Desktop/WGU%20JAVA2/WGUC195/WGUC195/src/controller/ESTtoLDT.java</file>
        </group>
    </open-files>
</project-private>
